,0
0,무대바람
1,마의질주
2,쾌속비행
3,포르티우스
4,광명일호
5,달천
6,제주제왕
7,월드트레인
8,보금산
9,예스맨
10,바람기억
11,명문군단
12,바다여왕
13,대지일호
14,무패질주
15,기적바람
16,반전
17,장엄
18,회색등불
19,포인트
20,불빛영웅
21,푸른물결
22,함지박
23,장백천지
24,황룡전설
25,금빛열매
26,찬란한꿈
27,환희타임
28,일대강자
29,칸의제왕
30,여왕하트
31,삼다지존
32,번개왕자
33,백만장자
34,백호신천
35,군자삼락
36,원당봉
37,동부여걸
38,태왕별
39,시무상
40,한라왕후
41,으뜸공신
42,특등대부
43,장타명성
44,카라
45,국내성
46,천년바위
47,꼬마대군
48,천사표
49,충용비마
50,청금세상
51,사자황
52,청초호
53,봉성여신
54,생각대로
55,사랑가득
56,불사요정
57,황금가면
58,남도비행
59,서귀명가
60,진출행
61,일류무대
62,웅진명성
63,일사십리
64,가야탄생
65,광아의보스
66,삼다소식
67,용설란
68,중문여제
69,백점여왕
70,천중천
71,남풍전력
72,특기생
73,월출
74,광아의전설
75,소확행
76,달의찬가
77,도시체험
78,오라대장
79,삼다히어로
80,달빛요정
81,커리어
82,청마대선
83,신촌길
84,황금구슬
85,신촌로
86,저스트원
87,성읍세상
88,백년친구
89,미래제주
90,남단여제
91,섬문화
92,불멸의힘
93,아라신화
94,영웅군단
95,호승고을
96,혈기방장
97,무한가속
98,가거도
99,장전보배
100,계림미소
101,금빛모래
102,삼다비행
103,금사자
104,유랑별
105,태산여왕
106,진성여왕
107,한라고원
108,백호번개
109,풍류예찬
110,앵커링
111,참매
112,일출정복
113,이쁜이
114,햇살처럼
115,두루
116,강력추천
117,윈드러너
118,지인달사
119,진취
120,선진공주
121,신촌바람
122,성불신동
123,원동파워
124,유수히어로
125,제주꼬마
126,남대문
127,선양제일
128,사령관
129,삼다보배
130,문무태왕
131,황이명성
132,당대가문
133,함성
134,무소불위
135,세계으뜸
136,세계여왕
137,수호랑
138,중문신화
139,해리킹
140,색달공주
141,세그먼트
142,제일교
143,대력왕
144,쾌속전함
145,장고도
146,웅진으뜸
147,군함조
148,금빛영광
149,가야벌
150,일류명성
151,서호장사
152,독주천하
153,한라꿈
154,천하무쌍
155,정우신조
156,천봉원수
157,금맥
158,쾌속진행
159,승부처
160,명성대로
161,달빛번개
162,야망의질주
163,천고마비
164,와송
165,신의선물
166,흑룡천리
167,천누리
168,강력돌풍
169,터널
170,애월강자
171,광산대로
172,일발장전
173,레귤러
174,세한도
175,일심동체
176,천제스타
177,핫블루
178,장기자랑
179,노마지지
180,신촌애마
181,머슬마니아
182,강남산성
183,흥국용사
184,봉성자랑
185,힐링타운
186,대표선발
187,와호장룡
188,샛별요정
189,힘찬꿈
190,음악신화
191,선율
192,힘찬세상
193,날개
194,탐라불패
195,용연향
196,한라질주
197,돈마명성
198,인기최고
199,좌의정
200,태흥성
201,구시구중
202,오관왕
203,장군멍군
204,백룡전설
205,광해신천
206,흑룡보배
207,노을천사
208,제주협객
209,다라쿳
210,원동히트
211,철옹성
212,태상노군
213,제일왕초
214,무궁무진
215,최대공약수
216,광명의힘
217,영상신호
218,백록장원
219,광아의댄서
220,품위
221,헬로우
222,무등산맥
223,람바다
224,애월대로
225,아우라
226,영원한
227,경성황후
228,가온길
229,중문대로
230,천지으뜸
231,제주신
232,장오름
233,황해무적
234,쌍용신화
235,봉성여왕
236,대왕세계
237,성산대로
238,강력신화
239,웅진의별
240,별빛정원
241,성읍미래
242,삼다으뜸
243,당찬
244,기대감
245,돈마미래
246,제주으뜸
247,흑룡부대
248,제주최강
249,신촌질주
250,탐라후예
251,흥부세상
252,푸른달
253,막강파워
254,파워랭킹
255,새찬희망
256,황제의검
257,지국천
258,사단의별
259,명예전당
260,광아의리더
261,아라
262,측천무후
263,혼디모영
264,장타지존
265,태왕건
266,불꽃여신
267,소록바람
268,거승여걸
269,돈마신화
270,한백선장
271,헌마공신
272,새벽찬가
273,백호보배
274,극찬사
275,한백용장
276,신의장군
277,한백보배
278,장타력
279,견인불발
280,푸른여왕
281,금마루
282,미인세상
283,회룡포
284,진보
285,일대태수
286,한라신화
287,한라영산
288,삼다황제
289,백야행
290,황용신화
291,절대적
292,한라명성
293,새벽너울
294,미래용사
295,백호군주
296,만점왕
297,미래명장
298,중앙비행
299,주말평정
300,장백행진
301,신새벽
302,산수유
303,평화대로
304,아라장군
305,시오름
306,금비늘
307,현표
308,신천샛별
309,미래대전
310,하늘태왕
311,수룡
312,교우이신
313,모래비행
314,명마지존
315,제일일호
316,절대군왕
317,명가공주
318,삼다비바리
319,승장군
320,천제군
321,우진용사
322,역작
323,삼다왕비
324,장백질주
325,푸른반지
326,명문공주
327,황해명성
328,새연교
329,납읍대로
330,성읍전설
331,대지여왕
332,여왕시대
333,호재
334,위미제일
335,왕건
336,클래식
337,덕산공주
338,웅진여신
339,딩거
340,열매
341,흑폭풍
342,누리세상
343,광해청명
344,유랑극단
345,절대패왕
346,태양광
347,상승호
348,정의명물
349,청마낭
350,언월도
351,장백보배
352,강남신비
353,쾌속보배
354,신흥여신
355,참보배
356,천주산
357,화룡특급
358,선광공주
359,보물
360,수련
361,범나비
362,한경보배
363,요지경
364,제일왕국
365,마야
366,아르곤
367,청록비상
368,무적자랑
369,탐라신비
370,최후강자
371,광아의루비
372,흑호화랑
373,미래여전사
374,행복의문
375,장백기상
376,세찬
377,낙천여제
378,백록여걸
379,청마대부
380,붉은매
381,새벽비
382,대지보배
383,중문의힘
384,에오스
385,애월승리
386,빌리언
387,발리슈팅
388,디바인
389,제왕의꿈
390,신의약속
391,미듬비상
392,으뜸꿈
393,가보신화
394,광해군주
395,명성황후
396,금사철
397,동서가람
398,금상화
399,꼭지점
400,황이장군
401,천추태후
402,전승왕자
403,웅진신화
404,동화로
405,메아리
406,고공세상
407,탐라보물
408,타이슨
409,명마대장
410,활력소
411,얼룩최강
412,홈런강자
413,고공행진
414,무주히어로
415,극소수
416,출정
417,건곤주
418,완벽한
419,정우천신
420,중랑장
421,소년왕
422,남부대로
423,효과만점
424,명성자랑
425,바다의신
426,우도사랑
427,트멍
428,탐모라
429,황금의신
430,미래동산
431,백록천지
432,아시아퀸
433,상상불가
434,희망의질주
435,한라동자
436,보물선
437,고수천하
438,일대신화
439,오라여신
440,애월무적
441,제주미래
442,제주의꿈
443,정주행
444,테마
445,추격전
446,광해전사
447,고질라
448,황제대부
449,쟁탈전
450,연화지
451,동방황후
452,동창
453,정성으로
454,태흥산성
455,봉성미래
456,와신상담
457,신가속도
458,광아의죠이
459,정우일품
460,기네스북
461,시대영웅
462,은빛보물
463,광명지존
464,더비호
465,필로스
466,금란지교
467,강한군단
468,백전불태
469,그린비
470,한라강자
471,지응명가
472,찬란한별
473,세종도시
474,미래역사
475,황용의별
476,푸른여황제
477,쾌인쾌사
478,강한보스
479,구오지존
480,광아의골드
481,미래질주
482,광아의블루
483,샛별신화
484,광명일품
485,미래군주
486,청정시대
487,성읍장군
488,경성보배
489,비바악센트
490,햇님
491,광명의새벽
492,선위
493,불꽃대장
494,천년유혼
495,사라보배
496,긍정맨
497,우주소녀
498,상가으뜸
499,고색창연
500,광산질주
501,천마지존
502,상리공생
503,뉴챌린저
504,강남대가
505,수호자
506,으뜸바람
507,대찬여걸
508,대사수
509,천비호
510,신의세상
511,교래여신
512,공샘이
513,애월백마
514,대지스타
515,신의용병
516,지휘계통
517,바다향기
518,불사의여신
519,계림평정
520,미래도시
521,불멸의태양
522,무한으뜸
523,독주시대
524,강한대로
525,일대전설
526,황호장사
527,만승지군
528,불사용사
529,백두세상
530,중문천금
531,선화공주
532,수류화개
533,아지트
534,성읍예찬
535,동백동산
536,태왕수
537,절대자
538,파천신군
539,낙천자랑
540,일류어천
541,중앙선
542,경성제일
543,지상낙원
544,우승스타
545,절영여걸
546,동서제왕
547,충주영웅
548,웅진시대
549,시대왕
550,돈마스타
551,대마불패
552,미래왕
553,멋진무대
554,명인황제
555,각시바위
556,선행후명
557,백호평정
558,전국왕
559,천일수
560,선양으뜸
561,새벽바람
562,달빛축제
563,성읍으뜸
564,경성불패
565,쌍용으뜸
566,블레이드
567,다코타
568,현대강자
569,번개매
570,달빛천사
571,서귀진주
572,동방전설
573,신흥명성
574,개선문
575,어정적기
576,산정무한
577,용쟁호투
578,라쿤
579,불꽃전사
580,전국시대
581,풍요의여신
582,장사도
583,환상의섬
584,대왕황제
585,수사대
586,광명성호
587,소원천하
588,마량
589,우월성
590,한백왕초
591,큰빛
592,한라사랑
593,애월질주
594,강남의별
595,성장세
596,꿈의무대
597,전설의귀환
598,진주만
599,승일교
600,대천강자
601,아랑조아
602,성산여신
603,아델
604,강남보배
605,강철비
606,재조산하
607,제주자랑
608,레버넌트
609,상승여제
610,삼다전설
611,서호공주
612,소패왕
613,스피드스타
614,명마탄생
615,티로수
616,황금제국
617,빛의축제
618,산천레전드
619,신촌여행
620,공주보배
621,은빛가면
622,초세지걸
623,녹원의꿈
624,구억불
625,판치
626,계림공주
627,무한독주
628,흑탄
629,천지나루
630,용맹용사
631,공자
632,새옹지마
633,우백호
634,마라도의바람
635,황금여행
636,한라용맹
637,가성비
638,한백무적
639,태양시대
640,금고지기
641,특급스타
642,웅진세상
643,대천대세
644,불멸의신화
645,부활
646,백락일고
647,색달번개
648,무패왕자
649,천둥여신
650,제주승리
651,보물단지
652,광해최고
653,초인전설
654,서부왕비
655,검은오름
656,강호일등
657,용춘일마
658,장타왕자
659,라이온하트
660,웅진성
661,한수위
662,러너킹
663,번개걸
664,제주열풍
665,금촌대부
666,푸른장군
667,이카루스
668,갈색비마
669,눈부신
670,바람
671,갈색여걸
672,햇님달님
673,자왈
674,바다요정
675,거가대로
676,제일공주
677,쾌속배달
678,돌문화
679,서귀미인
680,제주성지
681,광아의명성
682,성산챔프
683,금빛나
684,오라전설
685,소문대로
686,봉개신동
687,대지으뜸
688,황제의품격
689,두리누리
690,지휘관
691,천제호
692,협객
693,척사광
694,구비전승
695,청렴한
696,송악찬가
697,도총관
698,신비낭자
699,색달기백
700,광아의질주
701,흥국강타
702,백두왕자
703,롱런우승
704,오피니언
705,천둥바람
706,한라황제
707,제천대성
708,불빛최강
709,푸른섬
710,백년향기
711,워싱턴여왕
712,환영만찬
713,럭키그린
714,사소취대
715,성읍여신
716,행복한
717,오름
718,좋은마음
719,물수리
720,강한대세
721,미듬보배
722,녹색전사
723,사철란
724,퓨미라
725,이팔청춘
726,삼다장군
727,명원미인
728,새벽행진
729,새벽시대
730,진선진미
731,기회
732,정면승부
733,민영신화
734,성산대장
735,백두고을
736,실력행사
737,아라강자
738,꼬마왕자
739,달의궁전
740,편대장
741,얼룩대부
742,강남킹덤
743,창건태양
744,마하특급
745,충무공
746,브리핑
747,지상군
748,전국여왕
749,쌍용전설
750,삼다명장
751,혁신공주
752,전국일호
753,초시대
754,특급용병
755,총영사
756,동서천하
757,월라장군
758,왕돌
759,제주돌풍
760,해찬나래
761,전농왕
762,한울미르
763,가로수
764,정우일호
765,상가불패
766,신의보물
767,불빛부활
768,황후시대
769,자유평정
770,바다제일
771,산왕거미
772,최강등극
773,왕의귀환
774,삼다제패
775,힘찬질주
776,무한날개
777,태풍천하
778,신화명성
779,워싱턴엔젤
780,천강
781,군자풍류
782,첨단화
783,천마재림
784,삼다호걸
785,천마현신
786,제주청풍
787,풀잎이슬
788,자연의법칙
789,노을질주
790,안덕군주
791,계림일마
792,유능제강
793,레드이글
794,이룰성
795,제주천왕
796,별전승리
797,대장대부
798,푸른보석
799,웅진의힘
800,천제봉
801,대왕전설
802,서부최강
803,한라상봉
804,태상경
805,자유공원
806,웅진대성
807,두정갑
808,반지여왕
809,빛의영광
810,한라테우스
811,힐링파트
812,한라대호
813,블루에이스
814,당대누리
815,마마공주
816,라이칸
817,사라명품
818,저녁노을
819,광아의여걸
820,빨리추진
821,장미수
822,야성초원
823,달의지존
824,한라천지
825,한울마루
826,개과천선
827,옥상달빛
828,미듬의별
829,명성올레
830,미래황제
831,현승일마
832,강성일호
833,이색풍경
834,광해왕자
835,강한제일
836,명가왕자
837,백록비천
838,애월으뜸
839,등재
840,대범
841,하늘사랑
842,광명시대
843,우주용병
844,엔트리
845,장전열매
846,북풍한설
847,새로운미래
848,엄지전설
849,정석대로
850,마블
851,볼트머신
852,밤악정기
853,한란
854,우도프린스
855,성읍의힘
856,덕산시대
857,검은바다
858,중앙큰길
859,창세신화
860,성읍평정
861,창건
862,활성화
863,금빛축제
864,절대권력
865,미래강자
866,금누리
867,올인강자
868,오대양공주
869,봉황새
870,신촌기상
871,선물이
872,푸른황제
873,용병술
874,동부평정
875,한라보스
876,대왕성
877,애월야경
878,서부평정
879,늘푸른꿈
880,강남소년
881,달그림자
882,쾌남시대
883,매너
884,웅진찬가
885,육탄왕자
886,동광으뜸
887,명그랜드
888,녹색보물
889,늘푸른빛
890,천제산
891,경천동지
892,고을여신
893,황금보스
894,금빛시대
895,명품왕
896,늑대여왕
897,꼬마신사
898,파란하늘
899,작은향기
900,성읍전령
901,광해전설
902,진주의빛
903,리키스타
904,녹색비상
905,마하고속
906,태산평정
907,레드레이저
908,번개신천
909,태평연월
910,보배진
911,광아의퀸
912,일삼친
913,질풍가도
914,달빛세상
915,파워워킹
916,청마세상
917,비룡기상
918,쾌속황후
919,미듬꿈
920,지원자
921,당대보스
922,좋은미래
923,속전
924,소통세상
925,파고라
926,세계의전설
927,도검장
928,돈마영웅
929,진출가드
930,초한지
931,홈런신화
932,녹색대왕
933,대강자
934,아라질주
935,거서간
936,청마챔프
937,청정특구
938,공명
939,한라고을
940,맑은마음
941,적토대부
942,마법사
943,정우신화
944,한라군주
945,운사
946,동부만세
947,블루라이트
948,신천제일
949,성공기원
950,탐라신사
951,개성강국
952,일급비상
953,황금문명
954,볼트미인
955,실무자
956,은둔고수
957,버팀목
958,용병신화
959,강한파도
960,대지열차
961,대상군
962,금빛열차
963,금관옥조
964,정의시대
965,완호강
966,애월태양
967,오라스타
968,강남재벌
969,힘찬미래
970,신속한
971,로켓펀치
972,강남강호
973,블레이드러너
974,청파도
975,탐라고을
976,성읍미소
977,설천봉
978,두바이
979,청마보배
980,최고장사
981,한라소리
982,서부골드
983,넘사벽
984,청운돌풍
985,녹원세상
986,롱파워
987,바다왕
988,소통
989,우승물결
990,호봉이
991,대문호
992,역대명성
993,블루션샤인
994,덤장파워
995,청룡신화
996,경청
997,세계희망
998,멋진기상
999,제일번영
1000,돌풍신화
1001,영상대부
1002,녹원제일
1003,통치력
1004,웅진보배
1005,한별나라
1006,여우별
1007,백사청송
1008,제주의산
1009,황제시대
1010,폴리스
1011,천하대부
1012,명성기상
1013,태평양공주
1014,황금보석
1015,세계스타
1016,최상위
1017,미소전략
1018,달빛신화
1019,당대한
1020,자유도시
1021,고운미소
1022,용의날개
1023,갈색물결
1024,우승공작소
1025,엑스원
1026,강한이글
1027,오라군주
1028,상고지
1029,우도봉
1030,불패지존
1031,전략
1032,우람
1033,설오름
1034,백합향기
1035,성공스타
1036,블루명성
1037,제주장사
1038,미소공원
1039,신천나래
1040,남북대로
1041,성난파도
1042,삼천지교
1043,청마에이스
1044,미소드림
1045,서문자랑
1046,청마캡틴
1047,강남의빛
1048,태양의계절
1049,퀸즈퀸
1050,왈츠
1051,선봉출격
1052,웅진산
1053,두모악
1054,정의사랑
1055,금룡
1056,낙천물결
1057,일송대표
1058,성읍대부
1059,장백천주
1060,정의세상
1061,리듬파워
1062,바다풍경
1063,보물만찬
1064,수퍼우먼
1065,강남대로
1066,공명지조
1067,동광비호
1068,정우시대
1069,초강력
1070,일사백리
1071,녹색기적
1072,미듬스타
1073,주작
1074,제주영웅
1075,일송정기
1076,천지타임
1077,제왕의보배
1078,상고대
1079,정의실천
1080,태양금
1081,서부명성
1082,회색선봉
1083,대찬
1084,제왕의검
1085,여제여신
1086,신검
1087,번개짱
1088,강한울림
1089,중문일로
1090,기적의비룡
1091,강한지진
1092,남단장고
1093,품격
1094,백록보배
1095,필수
1096,녹색공원
1097,예스원
1098,대장선발
1099,우리자랑
1100,광아의챔프
1101,서부파워
1102,발사에너지
1103,달빛찬가
1104,일류신
1105,미래여왕
1106,아라본능
1107,한백챔프
1108,꿈의그린
1109,마노
1110,상상일호
1111,사랑탑
1112,소문만래
1113,리그전
1114,천지대장
1115,칼모루
1116,대별왕
1117,달빛대로
1118,새로이
1119,대지비상
1120,천보배
1121,백록특급
1122,별빛누리
1123,올레요정
1124,애월찬가
1125,표효
1126,왕의부활
1127,아브람
1128,제주열차
1129,제일기상
1130,진보배
1131,일방통행
1132,탐라장군
1133,천하제주
1134,작은별
1135,재벌
1136,삼황오제
1137,한백돌파
1138,더빠르게
1139,청룡스타
1140,가시꽃
1141,소문나래
1142,광명공주
1143,든든해
1144,달의전사
1145,천년고도
1146,광아의만리
1147,가온스타
1148,섬광탄
1149,진주여제
1150,민속춤
1151,선덕공주
1152,강자등극
1153,제주선녀
1154,다온의전설
1155,광아의너울
1156,금빛마중
1157,엑스레이
1158,명가의힘
1159,화양연화
1160,미소공주
1161,추적자
1162,웅진의꿈
1163,백호군자
1164,유수암퀸
1165,성공지수
1166,새바람
1167,사상최강
1168,최고강풍
1169,미래세상
1170,장군대좌
1171,싸이렌
1172,남단영웅
1173,성읍소녀
1174,블랙챔프
1175,큰그림
1176,더야무진
1177,케이불
1178,마패일호
1179,얼룩신화
1180,골프여왕
1181,신천백호
1182,태양신공
1183,전설무적
1184,동광호
1185,천지대부
1186,얼룩보배
1187,시대의별
1188,데드라인
1189,천하대로
1190,황금열차
1191,경성의별
1192,임명장
1193,명품여왕
1194,당찬보스
1195,백호여신
1196,무명돌풍
1197,한라챔프
1198,제주정상
1199,영스타
1200,쌍용강자
1201,예언적중
1202,익싸이트
1203,황금부활
1204,새강자
1205,우승포인트
1206,호응
1207,천진이
1208,한울지상
1209,오라여걸
1210,장타왕
1211,새찬바람
1212,금빛소리
1213,낙천기상
1214,블랙공주
1215,승전소식
1216,특별수사대
1217,결승타
1218,양대박
1219,태백산
1220,추상열일
1221,당대예찬
1222,제주신화
1223,우리시대
1224,꿈의선물
1225,초강수
1226,일사천리
1227,쾌승미듬
1228,봉개자랑
1229,제갈량
1230,서부강자
1231,필연
1232,얼룩만세
1233,장전물결
1234,지장샘
1235,게나제나
1236,제일보물
1237,런지
1238,청단풍
1239,최고연주
1240,장타의별
1241,꿈의황제
1242,제주물결
1243,사라공주
1244,제일강산
1245,미래전설
1246,천자문
1247,대발이
1248,최고대장
1249,레옹
1250,천선
1251,힐링스타
1252,탐라인기
1253,선봉타격
1254,스탭킹
1255,신흥산맥
1256,천만리
1257,알리온
1258,얼룩강자
1259,한라파워
1260,햇살언덕
1261,마그마
1262,대성강자
1263,푸른도시
1264,일촉즉발
1265,화산도
1266,대박무대
1267,초능력
1268,진격의힘
1269,마틸다
1270,풍신
1271,뚜벅이
1272,챠콜
1273,공작
1274,신샛별
1275,무적수
1276,알찬미
1277,내온여신
1278,천년약속
1279,봉성여제
1280,명성여걸
1281,무패천마
1282,여걸작
1283,애월바람
1284,절대가문
1285,아라청용
1286,안덕최고
1287,사자후
1288,나린요정
1289,서부여걸
1290,한백여걸
1291,경성스타
1292,장백호령
1293,웅진리더
1294,금전수
1295,신의연주
1296,미래제왕
1297,불꽃질주
1298,제주첨단
1299,양대산
1300,탐라신화
1301,장대비
1302,으뜸소람
1303,강속구
1304,지상공주
1305,탐라제국
1306,일사만리
1307,제구력
1308,제일황제
1309,봉성대로
1310,내온으뜸
1311,참모루
1312,시긴트
1313,원더걸
1314,으뜸한라
1315,우리세상
1316,성읍대장
1317,광속돌파
1318,강한능력
1319,비천도해
1320,와흘공원
1321,청마황제
1322,새벽향기
1323,솔져
1324,광명황제
1325,신천질주
1326,포레스트
1327,강력의지
1328,주인공
1329,비양
1330,명인황후
1331,으뜸영웅
1332,천제선
1333,빅스톤
1334,우도퀸
1335,웅진챔프
1336,천제사랑
1337,탐라별
1338,역대제일
1339,최고사양
1340,청운대
1341,명마자랑
1342,특등석
1343,고공시대
1344,에쿠스
1345,봉성전설
1346,칠팔대일
1347,자비무적
1348,광해스타
1349,황금로
1350,수산공주
1351,님불
1352,황금수
1353,송악공주
1354,새로운태양
1355,철인여왕
1356,신의은총
1357,최강진출
1358,활기찬
1359,힐링가도
1360,강력태풍
1361,한라호
1362,제주여왕
1363,불빛정원
1364,담대한
1365,오대장성
1366,백호시대
1367,오라의힘
1368,빛의기사
1369,삼국통일
1370,하얀미소
1371,완벽세대
1372,무한공간
1373,세종태양
1374,기량
1375,신화여걸
1376,아사달
1377,첨단여신
1378,동방챔프
1379,민투
1380,달빛스타
1381,성공제일
1382,명품선녀
1383,일류시대
1384,송화강
1385,전국제일
1386,이억만리
1387,전승장군
1388,천산수
1389,오라해피
1390,삼정검
1391,금빛여걸
1392,성산비행
1393,아라으뜸
1394,늑대별
1395,청마필승
1396,광개토대왕
1397,동백여걸
1398,한백신화
1399,신의공주
1400,천하시대
1401,장전여신
1402,신흥여왕
1403,궁전
1404,푸른대왕
1405,천둥
1406,백록군주
1407,주신
1408,일송보배
1409,달빛호수
1410,화신
1411,불나방
1412,힐링맨
1413,신대질주
1414,마리오
1415,자태
1416,달의강자
1417,노다지
1418,황산도
1419,상가최고
1420,왕조
1421,다온의여신
1422,삼다왕조
1423,천지일마
1424,일송바람
1425,성공일호
1426,전설마을
1427,딩동
1428,연주
1429,메달선물
1430,파천황
1431,한라의별
1432,전성기
1433,웅진황후
1434,명경지수
1435,청룡전설
1436,황해장사
1437,청마제일
1438,찬스왕
1439,태양의바람
1440,웅진스타
1441,전승문화
1442,돌격개시
1443,킹콩
1444,황해장군
1445,영원한강
1446,광명진언
1447,와일드송
1448,여신강림
1449,성읍의별
1450,통쾌
1451,청마투지
1452,사투
1453,리듬스타
1454,백두산
1455,소리
1456,아도니스
1457,진흥스타
1458,용천호우
1459,명작품
1460,제주대표
1461,황금산
1462,세기등극
1463,천년도시
1464,삼무자랑
1465,천지리더
1466,창출
1467,스카이
1468,메테오
1469,명품세상
1470,특공부대
1471,제주돌콩
1472,올리브
1473,오라드림
1474,진일보
1475,하늘의태양
1476,봉개황제
1477,매력투혼
1478,청룡시대
1479,로켓
1480,추월
1481,대성대왕
1482,오라태풍
1483,성읍대가
1484,등용문
1485,새벽열차
1486,다이아몬드
1487,황금향
1488,돈마여제
1489,청출아람
1490,고폭탄
1491,제주향
1492,빛의승리
1493,천지보스
1494,무주미인
1495,천스타
1496,유명세
1497,오라태양
1498,서머루
1499,히든카드
1500,황룡시대
1501,용병여신
1502,제주패왕
1503,백두찬가
1504,삼다최강
1505,행복한순간
1506,서귀장군
1507,제주선발
1508,파라오
1509,웅진대장
1510,색달미소
1511,제주강산
1512,돈마원
1513,황금여걸
1514,천지태양
1515,일급비밀
1516,녹원물결
1517,표선황후
1518,삼다열풍
1519,다온성
1520,역발산
1521,삼다백호
1522,광해전차
1523,용천보검
1524,휘날리며
1525,정점
1526,금산
1527,백강정
1528,달의여신
1529,자수정
1530,특급열차
1531,제주불꽃
1532,녹색거포
1533,솔찬
1534,녹색군주
1535,천하태평
1536,한산수
1537,오라돌풍
1538,롱장타
1539,거가의꿈
1540,성읍강자
1541,창출시대
1542,진주
1543,불빛여걸
1544,제주요격기
1545,성읍최강
1546,백두보물
1547,강호여걸
1548,동백미인
1549,황금태양
1550,전설신화
1551,비상탈출
1552,팔팔호
1553,제주강국
1554,제라한빛
1555,무적소녀
1556,상명의힘
1557,청부사
1558,전원생활
1559,오라루키
1560,튼튼해
1561,공간비행
1562,천우신조
1563,얼룩동자
1564,웅진기상
1565,금룡포
1566,힘의탄생
1567,캡틴하라
1568,청등도
1569,광해군
1570,힐링제주
1571,무한열차
1572,천지백호
1573,일등석
1574,왕실세상
1575,상명대로
1576,초인왕
1577,신흥최강
1578,백호위너
1579,검은맹주
1580,장타제일
1581,대표
1582,덤장히어로
1583,신촌세상
1584,불씨
1585,서부제왕
1586,신흥별
1587,사수자리
1588,마르스
1589,백서향
1590,대왕조
1591,차차웅
1592,리스펙
1593,가왕신화
1594,사무사
1595,굿모닝제주
1596,함성소리
1597,파워포인트
1598,한라비전
1599,신화
1600,한라왕자
1601,영원한빛
1602,신우여신
1603,그레잇킹
1604,명성질주
1605,질주영웅
1606,로미오
1607,멘탈
1608,누마루
1609,전농미르
1610,삼관우승
1611,새세상
1612,대청봉
1613,딩고
1614,노을사랑
1615,비상기운
1616,성공여왕
1617,청정수
1618,전농혁신
1619,아라미소
1620,광해여제
1621,계포일낙
1622,성공승리
1623,호시우행
1624,항해
1625,누리호
1626,초롱무
1627,가왕
1628,고랑몰라
1629,몬딱
1630,킹코브라
1631,빛의요정
1632,탐라의힘
1633,명문대부
1634,무림황후
1635,대성공
1636,성산황후
1637,제주정복
1638,다크호스
1639,청룡도
1640,도담
1641,신대륙
1642,백설공주
1643,얼룩돌풍
1644,비상신호
1645,소나타
1646,비상선언
1647,대명사
1648,라스트퀸
1649,북극성
1650,산호섬
1651,햇살정기
1652,일류천하
1653,조약돌
1654,경성해피
1655,제주태풍
1656,전투왕
1657,금수강산
1658,낭만블루
1659,현무진
1660,제주시대
1661,붉을홍
1662,선행공주
1663,번개킹
1664,서부히어로
1665,캡틴우주
1666,와흘질주
1667,직선질주
1668,초원의강자
1669,설향
1670,강남제국
1671,지존보배
1672,명품일호
1673,금촌
1674,낙화유수
1675,월드신화
1676,쾌재
1677,유비군자
1678,명가으뜸
1679,산천초목
1680,발라카스
1681,신의능력
1682,강남신화
1683,변산여걸
1684,성진보배
1685,우승계단
1686,오라도끼
1687,전승대로
1688,어스칼
1689,으뜸진
1690,카라향
1691,연풍연가
1692,지존무상
1693,오호장군
1694,초고수
1695,최고권력
1696,포스트한라
1697,별빛최강
1698,달천왕
1699,쾌보
1700,억수로
1701,캡틴파도
1702,와흘산맥
1703,태풍
1704,백록하늘
1705,일월천
1706,열정가득
1707,푸른날
1708,백두정복
1709,선수필승
1710,꿈돌콩
1711,용천비상
1712,비상사태
1713,금불환
1714,서귀명장
1715,정의사도
1716,천하비상
1717,거친바다
1718,위미공주
1719,오라챔프
1720,반격카드
1721,봉성미인
1722,명성스타
1723,마고여신
1724,서풍
1725,포의지교
1726,골든뷰
1727,꿈드림
1728,천하신공
1729,매스틱
1730,천상공주
1731,신기전
1732,완전성공
1733,광령대로
1734,햇살이
1735,남문대로
1736,명가소리
1737,봉성여걸
1738,참나리
1739,진프린스
1740,청정가도
1741,구마지심
1742,경성윈드
1743,도시스타
1744,천문신동
1745,장타바람
1746,성공가두
1747,낭만세상
1748,무림영웅
1749,원더풀선양
1750,장백천산
1751,천년미래
1752,미래최강
1753,서귀플라이
1754,위너퀸
1755,도시여걸
1756,선봉장
1757,비밀병기
1758,단디고
1759,황제로
1760,백호전사
1761,추임새
1762,수호초
1763,비스트
1764,중문보스
1765,진주별
1766,걸작탄생
1767,찬스강
1768,영웅신
1769,만수로
1770,흑룡여왕
1771,대성여신
1772,태무진
1773,탐라도
1774,자유날개
1775,비궁
1776,천하독존
1777,천비왕자
1778,기탄
1779,대세강자
1780,양대신화
1781,신황태자
1782,진흥여장
1783,왕다운
1784,백야명성
1785,국대
1786,푸른신호등
1787,승치
1788,달천왕비
1789,전승시대
1790,청룡여제
1791,새소식
1792,황용
1793,일대전사
1794,전설여걸
1795,그린리더
1796,비상돌격
1797,청룡퀸
1798,금지옥엽
1799,동심만리
1800,서귀보배
1801,신평화
1802,대륙질주
1803,서문대로
1804,탐라드림
1805,비룡투사
1806,청마신화
1807,소로기
1808,명품황후
1809,당산보스
1810,한백여왕
1811,태산수
1812,드림명성
1813,부안대장
1814,서부검객
1815,일출명마
1816,전설파도
1817,유성질주
1818,명품세계
1819,천상운집
1820,달탐사
1821,참누리
1822,불패여왕
1823,호두
1824,얼음새
1825,대명성
1826,바로고
1827,금강석
1828,대천여왕
1829,경의
1830,날려버려
1831,봉수대천
1832,대지바람
1833,우듬지
1834,연소
1835,색달최고
1836,라이덴
1837,번영
1838,비룡신공
1839,위너고
1840,청마여신
1841,한라물결
1842,필승범
1843,일단고
1844,결초보은
1845,엄부랑진
1846,천하군자
1847,남송이
1848,벌대총
1849,피칸
1850,호이호이
1851,전승대기
1852,한라기운
1853,야망질주
1854,가속직진
1855,태사자
1856,이치
1857,거승명마
1858,캡틴전설
1859,더크게
1860,은하미인
1861,삼다재건
1862,전승환호
1863,양대전설
1864,고품격
1865,가보천하
1866,황해여왕
1867,연속히트
1868,벅찬
1869,태황후
1870,달빛영웅
1871,깨비
1872,한강
1873,거승보배
1874,무한대질주
1875,태양신
1876,아자아자
1877,백록요정
1878,백호천하
1879,빅마우스
1880,선봉장사
1881,영웅변신
1882,푸른산호
1883,연화왕자
1884,강호세계
1885,명의로운
1886,여신돌풍
1887,명품함성
1888,신선초
1889,꿈오름
1890,야차
1891,광해에이스
1892,천지태왕
1893,번개제왕
1894,선행가도
1895,장타여걸
1896,꿈의도시
1897,슈퍼리그
1898,장타최강
1899,무인수
1900,신으뜸
1901,명성시대
1902,웅진히어로
1903,빛사랑
1904,해상
1905,수라왕
1906,참수리
1907,지존전사
1908,북문대로
1909,가화신화
1910,웅진퍼스트
1911,은빛풍경
1912,녹원자랑
1913,대포스트
1914,롸잇나우
1915,번개의꿈
1916,불꽃축제
1917,해피맨
1918,청마대전
1919,일취월장
1920,황금대
1921,골드마크
1922,바람아
1923,서부전사
1924,비룡질주
1925,세뇨리타
1926,리듬여제
1927,루비고
1928,리듬조이
1929,수월용사
1930,명품행진
1931,위미여제
1932,최다명성
1933,신물
1934,가락
1935,해나루
1936,한백제왕
1937,동서독주
1938,솔나라
1939,낙천하늘
1940,다승리
1941,원평천하
1942,빛나리
1943,직진프린스
1944,만리지존
1945,대왕대군
1946,대승여왕
1947,초록길
1948,훈치
1949,왕벌
1950,오마주
1951,일급질주
1952,백프로
1953,유성스타
1954,봉순이
1955,금빛노을
1956,용의장군
1957,소별왕
1958,참신한
1959,연주공
1960,고차원
1961,장백오름
1962,골목여장
1963,국립공원
1964,황금대장
1965,인자무적
1966,용담천하
1967,한빛질주
1968,초신성
1969,연주소리
1970,큰달
1971,별빛여제
1972,대치
1973,번개자랑
1974,성공바람
1975,왕관
1976,우콩
1977,입춘
1978,슈퍼러너
1979,봉수대길
1980,당오름
1981,여왕벌
1982,한라원탑
1983,청솔매
1984,연주함
1985,신천비상
1986,청명여신
1987,한백시대
1988,백록천하
1989,십시일반
1990,성산돌풍
1991,웅비최강
1992,경성의빛
1993,소록별
1994,파천황후
1995,신천지왕
1996,돈마맨
1997,으뜸제일
1998,아신
1999,미소만발
2000,우당대목
2001,한산
2002,신조
